id,type,campus,capacity,location_description,url
1,ZAP station,West Bank,,,https://pts.umn.edu/walk-bike-and-scooter/active-mobility/zap-rewards-program
2,Individual bike locker,East Bank,24,"Under the skyway between Smith and Kolthoff Halls, next to the bike and pedestrian path.",https://pts.umn.edu/walk-bike-and-scooter/safety/bike-lockers-and-shelters
3,ZAP station,St. Paul,,,https://pts.umn.edu/walk-bike-and-scooter/active-mobility/zap-rewards-program
4,Individual bike locker,East Bank,4,"North side of Washington Ave Ramp next to the contract entrance, facing the Physics/Nanotechnology Building.",https://pts.umn.edu/walk-bike-and-scooter/safety/bike-lockers-and-shelters
5,ZAP station,St. Paul,,,https://pts.umn.edu/walk-bike-and-scooter/active-mobility/zap-rewards-program
6,ZAP station,West Bank,,,https://pts.umn.edu/walk-bike-and-scooter/active-mobility/zap-rewards-program
7,Fix-it station,East Bank,,Next to the southwest corner of the Social Sciences Building (the side facing Wilson Library).,https://pts.umn.edu/walk-bike-and-scooter/go-mode/bike
8,ZAP station,East Bank,,,https://pts.umn.edu/walk-bike-and-scooter/active-mobility/zap-rewards-program
9,ZAP station,East Bank,,,https://pts.umn.edu/walk-bike-and-scooter/active-mobility/zap-rewards-program
10,Fix-it station,East Bank,,"On the west side of the elevated Coffman pedestrian plaza, next to Weisman Art Museum.",https://pts.umn.edu/walk-bike-and-scooter/go-mode/bike
11,Individual bike locker,East Bank,6,Level 1 on the southeast side of University Ave Ramp. Enter via elevator lobby at corner of Walnut St and University Ave.,https://pts.umn.edu/walk-bike-and-scooter/safety/bike-lockers-and-shelters
12,ZAP station,West Bank,,,https://pts.umn.edu/walk-bike-and-scooter/active-mobility/zap-rewards-program
13,ZAP station,East Bank,,,https://pts.umn.edu/walk-bike-and-scooter/active-mobility/zap-rewards-program
14,Individual bike locker,St. Paul,10,"On the ground floor, east side of Gortner Ave Ramp, to the right after entering from Gortner Ave.",https://pts.umn.edu/walk-bike-and-scooter/safety/bike-lockers-and-shelters
15,ZAP station,East Bank,,,https://pts.umn.edu/walk-bike-and-scooter/active-mobility/zap-rewards-program
16,Air station,East Bank,,"On the west side of the elevated Coffman pedestrian plaza, next to Weisman Art Museum.",https://pts.umn.edu/walk-bike-and-scooter/go-mode/bike
17,ZAP station,East Bank,,,https://pts.umn.edu/walk-bike-and-scooter/active-mobility/zap-rewards-program
18,ZAP station,East Bank,,,https://pts.umn.edu/walk-bike-and-scooter/active-mobility/zap-rewards-program
19,Air station,East Bank,,"On the east side of the elevated Coffman pedestrian plaza, next to Nils Hasselmo Hall.",https://pts.umn.edu/walk-bike-and-scooter/go-mode/bike
20,Air station,East Bank,,"At the bike rack across from Eckles Ave, to the southwest of the entrance to the St. Paul Student Center, next to the Campus Connector bus stop.",https://pts.umn.edu/walk-bike-and-scooter/go-mode/bike
21,ZAP station,East Bank,,,https://pts.umn.edu/walk-bike-and-scooter/active-mobility/zap-rewards-program
22,Individual bike locker,West Bank,6,On the north side of Willey Hall next to the entrance to Mondale Hall and stairs to the parking lot.,https://pts.umn.edu/walk-bike-and-scooter/safety/bike-lockers-and-shelters
23,ZAP station,West Bank,,,https://pts.umn.edu/walk-bike-and-scooter/active-mobility/zap-rewards-program
24,Individual bike locker,West Bank,13,Next to the contract parking (20th Ave) entrance on the west side of 21st Ave Ramp.,https://pts.umn.edu/walk-bike-and-scooter/safety/bike-lockers-and-shelters
25,ZAP station,St. Paul,,,https://pts.umn.edu/walk-bike-and-scooter/active-mobility/zap-rewards-program
26,ZAP station,St. Paul,,,https://pts.umn.edu/walk-bike-and-scooter/active-mobility/zap-rewards-program
27,ZAP station,East Bank,,,https://pts.umn.edu/walk-bike-and-scooter/active-mobility/zap-rewards-program
28,Sheltered bike parking,West Bank,51,Next to the contract parking (20th Ave) entrance on the west side of 21st Ave Ramp.,https://pts.umn.edu/walk-bike-and-scooter/safety/bike-lockers-and-shelters
29,Individual bike locker,East Bank,30,"Ground level behind the Cancer & Cardiovascular Research Building, on the north side facing the railroad yard. Access from 23rd Ave SE.",https://pts.umn.edu/walk-bike-and-scooter/safety/bike-lockers-and-shelters
30,Individual bike locker,West Bank,6,"Northeast corner of Blegen Hall, facing the pedestrian plaza, adjacent to the skyway.",https://pts.umn.edu/walk-bike-and-scooter/safety/bike-lockers-and-shelters
31,Individual bike locker,East Bank,6,"Ground level underneath overhang of the west wing of Elliot Hall, just off of East River Rd.",https://pts.umn.edu/walk-bike-and-scooter/safety/bike-lockers-and-shelters
32,Individual bike locker,East Bank,6,"Ground level, north side of Physics & Nanotechnology Building facing the Civil Engineering Building.",https://pts.umn.edu/walk-bike-and-scooter/safety/bike-lockers-and-shelters
33,Individual bike locker,East Bank,46,"North side of Moos Tower, in the courtyard facing Washington Ave SE, near entrance to Weaver-Densford Hall.",https://pts.umn.edu/walk-bike-and-scooter/safety/bike-lockers-and-shelters
34,ZAP station,East Bank,,,https://pts.umn.edu/walk-bike-and-scooter/active-mobility/zap-rewards-program
35,ZAP station,East Bank,,,https://pts.umn.edu/walk-bike-and-scooter/active-mobility/zap-rewards-program
36,Individual bike locker,West Bank,12,"West side of the courtyard on the north side of Heller Hall, above the loading docks.",https://pts.umn.edu/walk-bike-and-scooter/safety/bike-lockers-and-shelters
37,Individual bike locker,West Bank,8,"Basement level of Nolte Center Garage, to the right after entering via parking garage ramp from Church St.",https://pts.umn.edu/walk-bike-and-scooter/safety/bike-lockers-and-shelters
38,ZAP station,East Bank,,,https://pts.umn.edu/walk-bike-and-scooter/active-mobility/zap-rewards-program
39,Sheltered bike parking,East Bank,76,On the east side of the ground level of Washington Ave Ramp - access using entrance under skyway to Graduate Hotel and door behind staircase.,https://pts.umn.edu/walk-bike-and-scooter/safety/bike-lockers-and-shelters
40,Individual bike locker,East Bank,2,"Level G, next to East River Road Lower Level (contract) parking entrance on the south side facing East River Flats.",https://pts.umn.edu/walk-bike-and-scooter/safety/bike-lockers-and-shelters
41,Sheltered bike parking,East Bank,55,"On the ground level of Oak Street parking ramp, Next to UMN Bike Center on Oak St.",https://pts.umn.edu/walk-bike-and-scooter/safety/bike-lockers-and-shelters
42,ZAP station,East Bank,,,https://pts.umn.edu/walk-bike-and-scooter/active-mobility/zap-rewards-program
43,Bike Center,East Bank,,"On the ground level of Oak St Ramp, across from Delaware St.",https://pts.umn.edu/walk-bike-and-scooter/go-mode/bike/bike-center
44,Fix-it station,East Bank,,At the northwest corner of Pioneer Hall.,https://pts.umn.edu/walk-bike-and-scooter/go-mode/bike
45,Fix-it station,St. Paul,,"At the bike rack across from Eckles Ave, to the southwest of the entrance to the St. Paul Student Center, next to the Campus Connector bus stop.",https://pts.umn.edu/walk-bike-and-scooter/go-mode/bike
46,Shared bike locker,St. Paul,6,West side of Borlaug Hall.,https://pts.umn.edu/walk-bike-and-scooter/safety/bike-lockers-and-shelters
47,Shared bike locker,East Bank,6,On east side of University Avenue Ramp on Walnut St.,https://pts.umn.edu/walk-bike-and-scooter/safety/bike-lockers-and-shelters
48,Shared bike locker,St. Paul,6,Southwest corner of Biological Sciences.,https://pts.umn.edu/walk-bike-and-scooter/safety/bike-lockers-and-shelters
49,Shared bike locker,East Bank,6,East entrance of Donhowe Building.,https://pts.umn.edu/walk-bike-and-scooter/safety/bike-lockers-and-shelters
50,ZAP station,St. Paul,,,https://pts.umn.edu/walk-bike-and-scooter/active-mobility/zap-rewards-program
51,Gopher Bikes daily check out,East Bank,,,https://pts.umn.edu/walk-bike-and-scooter/active-mobility/gopher-bikes-program
52,Gopher Bikes daily check out,East Bank,,,https://pts.umn.edu/walk-bike-and-scooter/active-mobility/gopher-bikes-program
53,Gopher Bikes daily check out,East Bank,,,https://pts.umn.edu/walk-bike-and-scooter/active-mobility/gopher-bikes-program
54,Gopher Bikes daily check out,East Bank,,,https://pts.umn.edu/walk-bike-and-scooter/active-mobility/gopher-bikes-program
55,Gopher Bikes daily check out,East Bank,,,https://pts.umn.edu/walk-bike-and-scooter/active-mobility/gopher-bikes-program
56,Gopher Bikes daily check out,East Bank,,,https://pts.umn.edu/walk-bike-and-scooter/active-mobility/gopher-bikes-program
57,Gopher Bikes daily check out,West Bank,,,https://pts.umn.edu/walk-bike-and-scooter/active-mobility/gopher-bikes-program
58,Gopher Bikes daily check out,East Bank,,,https://pts.umn.edu/walk-bike-and-scooter/active-mobility/gopher-bikes-program
59,Gopher Bikes daily check out,East Bank,,,https://pts.umn.edu/walk-bike-and-scooter/active-mobility/gopher-bikes-program
60,Gopher Bikes daily check out,East Bank,,,https://pts.umn.edu/walk-bike-and-scooter/active-mobility/gopher-bikes-program
61,Gopher Bikes daily check out,St. Paul,,,https://pts.umn.edu/walk-bike-and-scooter/active-mobility/gopher-bikes-program
62,Gopher Bikes hub,East Bank,,,https://pts.umn.edu/walk-bike-and-scooter/active-mobility/gopher-bikes-program
63,Shared bike locker,East Bank,6,On the patio between the main CUHCC building and outbuilding,https://pts.umn.edu/walk-bike-and-scooter/safety/bike-lockers-and-shelters