rank,country,happiness,gdp,life_exp
156,South Sudan,2.853,582.824,56.4
145,Burundi,3.775,855.73272,62
155,Central African Republic,3.083,1145.09564,53.8
112,Somalia,4.668,1491.1076,64.1
123,Mozambique,4.466,1528.88988,63.1
141,Liberia,3.975,1575.76665,60.9
114,Niger,4.628,1612.63735,58
150,Malawi,3.41,1687.28945,61.8
143,Madagascar,3.933,1707.83154,62.3
151,Yemen,3.38,1843.465,68.8
115,Burkina Faso,4.587,2391.53627,67.5
134,Ethiopia,4.286,2437.97046,64.5
139,Togo,4.085,2501.03087,63.5
132,Chad,4.35,2604.91637,57.3
152,Rwanda,3.334,2667.46458,63.4
136,Uganda,4.189,2689.41009,64.9
120,Gambia,4.516,2750.82132,66.6
144,Lesotho,3.802,2773.2864,56.5
129,Sierra Leone,4.374,2855.22907,57.8
128,Mali,4.39,2916.17069,62.6
154,Afghanistan,3.203,2927.24514,66.2
102,Benin,4.883,3281.1047,64.9
146,Zimbabwe,3.663,3294.80389,64.3
142,Comoros,3.973,3357.89791,75.7
147,Haiti,3.597,3381.58479,61.6
153,Tanzania,3.231,3484.63257,68.3
118,Guinea,4.534,3557.46234,61.4
138,Zambia,4.107,3591.56419,60.2
74,Tajikistan,5.467,3649.88375,73.3
111,Senegal,4.681,4070.61227,69.7
100,Nepal,4.913,4607.52455,73.3
149,Syria,3.462,4825.40602,74.1
96,Cameroon,5.044,4882.3556,60.7
121,Kenya,4.509,5171.71264,68.7
67,Pakistan,5.653,5295.95295,69.2
85,Nigeria,5.265,5628.17765,63.4
122,Mauritania,4.49,6162.21045,68
59,Honduras,5.86,6264.01884,75.2
109,Cambodia,4.7,6448.88456,73.3
98,Ghana,4.996,6508.24652,64.6
131,Myanmar,4.36,6562.98898,65.9
45,Nicaragua,6.105,6756.59376,74.7
125,Bangladesh,4.456,6838.32612,70.8
140,India,4.015,7930.09113,70.9
108,Venezuela,4.707,8116.199,72.4
41,Uzbekistan,6.174,8755.12594,71.7
89,Morocco,5.208,8768.17578,72.5
101,Jordan,4.906,9288.52709,77.6
69,Philippines,5.631,9452.29397,71.6
61,Bolivia,5.779,9985.23049,71.5
56,Jamaica,5.89,10216.06554,75.1
35,El Salvador,6.253,10543.93833,72.8
113,Namibia,4.639,10813.30447,65.3
27,Guatemala,6.436,11466.37626,73.1
94,Vietnam,5.175,11628.61391,75.7
92,Indonesia,5.192,12757.78509,72.5
124,Tunisia,4.461,13249.22409,75.8
50,Ecuador,6.028,13870.48951,78.8
117,Iran,4.548,14040.66465,77.9
72,Libya,5.525,14333.42244,74.2
106,South Africa,4.722,14370.23804,65.9
95,Bhutan,5.082,14555.1884,72.2
71,Moldova,5.529,14621.24014,74.7
130,Sri Lanka,4.366,14637.44429,77.6
126,Iraq,4.437,14910.22503,70.9
137,Egypt,4.166,15026.56824,70.5
107,Albania,4.719,15078.50697,78.9
88,Algeria,5.211,15199.199,75.5
87,Turkmenistan,5.247,15231.30562,70.2
63,Paraguay,5.743,15321.32455,73.5
65,Peru,5.697,15463.54324,79.6
91,Lebanon,5.197,15659.5661,77.6
83,Mongolia,5.285,15790.69611,72.3
116,Armenia,4.559,16215.3608,77.3
78,Bosnia and Herzegovina,5.386,17028.64166,77.1
43,Colombia,6.125,17336.7716,80
133,Ukraine,4.332,17636.55469,73.4
32,Brazil,6.3,18018.62092,76.7
148,Botswana,3.488,18106.01054,69.2
119,Georgia,4.519,18186.88165,74.2
93,China,5.191,18820.5131,80.1
104,Gabon,4.799,19491.40676,66.2
90,Azerbaijan,5.208,20101.4919,72.9
52,Thailand,6.008,21277.83927,77.7
77,Dominican Republic,5.425,21451.28644,73.4
70,Serbia,5.603,21539.92129,75.8
23,Mexico,6.595,21704.18595,76
84,North Macedonia,5.274,21765.68543,76.1
12,Costa Rica,7.167,23364.78313,80.4
73,Montenegro,5.523,24835.37457,76.9
57,Mauritius,5.888,25739.3549,74.9
47,Argentina,6.086,26629.55294,77.5
81,Belarus,5.323,26798.82064,74.5
79,Turkey,5.373,28132.05357,77.4
26,Chile,6.444,28218.53439,80.8
97,Bulgaria,5.011,29199.83359,75.5
33,Uruguay,6.293,30010.57426,77.5
80,Malaysia,5.339,31300.50866,75.9
31,Panama,6.321,33163.72691,78.9
60,Kazakhstan,5.809,33298.21237,73.5
82,Greece,5.287,33502.75065,81.6
75,Croatia,5.432,35123.48766,78.5
53,Latvia,5.94,35208.19346,76.2
48,Romania,6.07,36633.36233,75.7
68,Russia,5.648,37319.32031,73.5
62,Hungary,5.758,37662.67681,76.4
40,Poland,6.182,38181.62303,78
66,Portugal,5.693,40188.28668,82
55,Estonia,5.893,42652.53486,78.8
42,Lithuania,6.149,43062.32284,76
44,Slovenia,6.118,44580.77777,81.5
13,Israel,7.139,44580.80788,83.5
58,Japan,5.886,44730.91028,84.6
49,Cyprus,6.046,46195.59375,80.3
54,South Korea,5.895,46757.26145,83.4
30,Spain,6.354,46896.41711,83.3
8,New Zealand,7.307,47277.66283,81.9
20,Czech Republic,6.852,47763.61655,79.3
36,Italy,6.223,49690.62985,83.2
51,Kuwait,6.021,51380.6455,80.2
22,Malta,6.726,53342.21379,82.6
24,France,6.592,53448.55488,83
37,Bahrain,6.199,56749.96284,77
1,Finland,7.769,56922.48732,81.9
9,Canada,7.278,57583.8458,82.3
11,Australia,7.228,57837.06069,83.3
18,Belgium,6.923,60506.65977,81.8
7,Sweden,7.343,61232.48485,83
28,Saudi Arabia,6.375,62647.71413,74.3
17,Germany,6.985,62970.71609,81.3
10,Austria,7.246,64688.14382,81.9
4,Iceland,7.494,65122.75495,82.9
2,Denmark,7.6,66580.18814,81.4
5,Netherlands,7.488,67847.85429,82
6,Switzerland,7.48,79596.70295,83.9
3,Norway,7.554,87725.72833,83
16,Ireland,7.021,96369.64458,82.4
29,Qatar,6.374,113160.9738,81.8
34,Singapore,6.262,120114.1339,85.4
14,Luxembourg,7.09,132724.7527,83
103,Republic of Congo (Brazzaville),4.812,6939.36913,63.7
127,Democratic Republic of Congo (Kinshasa),4.418,1296.94757,60.6
76,Hong Kong,5.43,48359,85
99,Ivory Coast,4.944,5894.87875,63.5
46,Kosovo,6.1,4415.7,77
86,Kyrgyzstan,5.261,6087.60194,74.5
105,Laos,4.796,8075.27502,66.1
64,Northern Cyprus,5.718,14100,78
110,Palestine,4.696,6269.89135,76.8
38,Slovakia,6.198,37194.13759,77.7
135,Eswatini,4.212,10123.31602,59.2
25,Taiwan,6.446,25998,80.86
39,Trinidad & Tobago,6.192,33793.70547,73.7
21,United Arab Emirates,6.825,68887.84541,79.8
15,United Kingdom,7.054,52645.5442,81.5
19,United States,6.892,69112.60269,78.9